id,titolo,ente,fonte,tipo_agevolazione,beneficiari,settore,ambito,dimensione,obiettivo,dotazione,data_apertura,data_scadenza,stato,url
UECREA-CULT-2025-COOP-UA-1,Supporting Ukrainian artists and cultural organisations to co-create/showcase,Commissione UE — 43251814,UE,fondo_perduto,impresa;startup;terzo_settore;ricerca,tutti,UE,tutte,internazionalizzazione,950000,2026-06-15,2026-09-14,aperto,https://ec.europa.eu/info/funding-tenders/opportunities/portal/screen/opportunities/competitive-calls-cs/47365856
UEEDF-EDIP-P-2026-2027-FNLC-SA-SEAP,"Support for the functioning of SEAPs, including  for the purpose of establishing, managing and maintaining defence industrial readiness pools",Commissione UE — 44181033,UE,fondo_perduto,impresa;startup;terzo_settore;ricerca,tutti,UE,tutte,,0,2026-09-02,2026-10-13,aperto,https://ec.europa.eu/info/funding-tenders/opportunities/portal/screen/opportunities/topic-details/EDF-EDIP-P-2026-2027-FNLC-SA-SEAP
UEHORIZON-CL5-2027-04-Two-Stage-D5-09,Noise reduction breakthroughs for new ultraefficient aircraft,Commissione UE — 43108390,UE,fondo_perduto,impresa;startup;terzo_settore;ricerca,tutti,UE,tutte,transizione_ecologica,0,2026-12-15,2027-04-14,aperto,https://ec.europa.eu/info/funding-tenders/opportunities/portal/screen/opportunities/topic-details/HORIZON-CL5-2027-04-Two-Stage-D5-09
UEHORIZON-CL5-2027-04-Two-Stage-D2-07,"Novel approaches towards next-generation battery concepts, leveraging the enabling role of innovative advanced materials (BATT4EU and IAM4EU Partnerships)",Commissione UE — 43108390,UE,fondo_perduto,impresa;startup;terzo_settore;ricerca,tutti,UE,tutte,transizione_ecologica,0,2026-12-15,2027-04-14,aperto,https://ec.europa.eu/info/funding-tenders/opportunities/portal/screen/opportunities/topic-details/HORIZON-CL5-2027-04-Two-Stage-D2-07
UEHORIZON-CL2-2027-02-TRANSFO-09-two-stage,Improving socio-economic outcomes for persons with dementia and informal caregivers,Commissione UE — 43108390,UE,fondo_perduto,impresa;startup;terzo_settore;ricerca,tutti,UE,tutte,inclusione,0,2027-03-02,2027-05-04,aperto,https://ec.europa.eu/info/funding-tenders/opportunities/portal/screen/opportunities/topic-details/HORIZON-CL2-2027-02-TRANSFO-09-two-stage
UEHORIZON-CL2-2027-02-DEMOCRACY-09-two-stage,Open topic on reinvigorating and shielding European democracy,Commissione UE — 43108390,UE,fondo_perduto,impresa;startup;terzo_settore;ricerca,tutti,UE,tutte,inclusione,0,2027-03-02,2027-05-04,aperto,https://ec.europa.eu/info/funding-tenders/opportunities/portal/screen/opportunities/topic-details/HORIZON-CL2-2027-02-DEMOCRACY-09-two-stage
UEHORIZON-CL2-2027-02-HERITAGE-09-two-stage,"Open topic: Impact-driven research on realising the full potential of cultural heritage, arts and cultural and creative industries",Commissione UE — 43108390,UE,fondo_perduto,impresa;startup;terzo_settore;ricerca,tutti,UE,tutte,inclusione,0,2027-03-02,2027-05-04,aperto,https://ec.europa.eu/info/funding-tenders/opportunities/portal/screen/opportunities/topic-details/HORIZON-CL2-2027-02-HERITAGE-09-two-stage
UEHORIZON-CL2-2027-01-DEMOCRACY-06,Identifying user-focused solutions to support news media freedom,Commissione UE — 43108390,UE,fondo_perduto,impresa;startup;terzo_settore;ricerca,tutti,UE,tutte,inclusione,0,2027-05-13,2027-09-23,aperto,https://ec.europa.eu/info/funding-tenders/opportunities/portal/screen/opportunities/topic-details/HORIZON-CL2-2027-01-DEMOCRACY-06
UEHORIZON-CL2-2027-01-DEMOCRACY-08,Global Human Rights and EU values,Commissione UE — 43108390,UE,fondo_perduto,impresa;startup;terzo_settore;ricerca,tutti,UE,tutte,inclusione,0,2027-05-13,2027-09-23,aperto,https://ec.europa.eu/info/funding-tenders/opportunities/portal/screen/opportunities/topic-details/HORIZON-CL2-2027-01-DEMOCRACY-08
UEHORIZON-CL2-2027-01-DEMOCRACY-02,"Women’s, LGBTIQ and minority rights in a context of autocracy, conflict and geopolitical shifts",Commissione UE — 43108390,UE,fondo_perduto,impresa;startup;terzo_settore;ricerca,tutti,UE,tutte,inclusione,0,2027-05-13,2027-09-23,aperto,https://ec.europa.eu/info/funding-tenders/opportunities/portal/screen/opportunities/topic-details/HORIZON-CL2-2027-01-DEMOCRACY-02
UEHORIZON-CL2-2027-01-TRANSFO-05,The effective use of artificial intelligence in learning environments in pre-primary and primary education,Commissione UE — 43108390,UE,fondo_perduto,impresa;startup;terzo_settore;ricerca,tutti,UE,tutte,inclusione,0,2027-05-13,2027-09-23,aperto,https://ec.europa.eu/info/funding-tenders/opportunities/portal/screen/opportunities/topic-details/HORIZON-CL2-2027-01-TRANSFO-05
UEHORIZON-CL2-2027-01-TRANSFO-06,"Closing the learning gap: uncovering causes and effective policy interventions for declining youth skills in mathematics, reading, and science",Commissione UE — 43108390,UE,fondo_perduto,impresa;startup;terzo_settore;ricerca,tutti,UE,tutte,inclusione,0,2027-05-13,2027-09-23,aperto,https://ec.europa.eu/info/funding-tenders/opportunities/portal/screen/opportunities/topic-details/HORIZON-CL2-2027-01-TRANSFO-06
UEHORIZON-CL2-2027-01-HERITAGE-01,Towards a consolidated culture and creativity driven European innovation ecosystem,Commissione UE — 43108390,UE,fondo_perduto,impresa;startup;terzo_settore;ricerca,tutti,UE,tutte,inclusione,0,2027-05-13,2027-09-23,aperto,https://ec.europa.eu/info/funding-tenders/opportunities/portal/screen/opportunities/topic-details/HORIZON-CL2-2027-01-HERITAGE-01
UEHORIZON-CL2-2027-01-TRANSFO-03,Rethinking sustainable competitiveness beyond traditional perspectives: role and contribution of the Social Economy,Commissione UE — 43108390,UE,fondo_perduto,impresa;startup;terzo_settore;ricerca,tutti,UE,tutte,inclusione,0,2027-05-13,2027-09-23,aperto,https://ec.europa.eu/info/funding-tenders/opportunities/portal/screen/opportunities/topic-details/HORIZON-CL2-2027-01-TRANSFO-03
UEHORIZON-CL2-2027-01-HERITAGE-06,Future-proofing sustainable cultural tourism,Commissione UE — 43108390,UE,fondo_perduto,impresa;startup;terzo_settore;ricerca,tutti,UE,tutte,inclusione,0,2027-05-13,2027-09-23,aperto,https://ec.europa.eu/info/funding-tenders/opportunities/portal/screen/opportunities/topic-details/HORIZON-CL2-2027-01-HERITAGE-06
UEHORIZON-CL2-2027-01-DEMOCRACY-04,"Addressing the impact of artificial intelligence, cyberviolence, and deepfakes on equality, democracy and inclusive societies",Commissione UE — 43108390,UE,fondo_perduto,impresa;startup;terzo_settore;ricerca,tutti,UE,tutte,inclusione,0,2027-05-13,2027-09-23,aperto,https://ec.europa.eu/info/funding-tenders/opportunities/portal/screen/opportunities/topic-details/HORIZON-CL2-2027-01-DEMOCRACY-04
UEHORIZON-CL2-2027-01-HERITAGE-05,Re-imagining the creative economy: the interplay between the cultural and creative sectors and industries and the social economy,Commissione UE — 43108390,UE,fondo_perduto,impresa;startup;terzo_settore;ricerca,tutti,UE,tutte,inclusione,0,2027-05-13,2027-09-23,aperto,https://ec.europa.eu/info/funding-tenders/opportunities/portal/screen/opportunities/topic-details/HORIZON-CL2-2027-01-HERITAGE-05
UEHORIZON-CL2-2027-01-TRANSFO-02,Impact of in-kind benefits on income distribution and on vulnerable populations,Commissione UE — 43108390,UE,fondo_perduto,impresa;startup;terzo_settore;ricerca,tutti,UE,tutte,inclusione,0,2027-05-13,2027-09-23,aperto,https://ec.europa.eu/info/funding-tenders/opportunities/portal/screen/opportunities/topic-details/HORIZON-CL2-2027-01-TRANSFO-02
UEHORIZON-CL2-2027-01-HERITAGE-02,AI4Creatives Support Platform: embracing a fair AI revolution,Commissione UE — 43108390,UE,fondo_perduto,impresa;startup;terzo_settore;ricerca,tutti,UE,tutte,inclusione,0,2027-05-13,2027-09-23,aperto,https://ec.europa.eu/info/funding-tenders/opportunities/portal/screen/opportunities/topic-details/HORIZON-CL2-2027-01-HERITAGE-02
UEHORIZON-CL2-2027-01-HERITAGE-03,Crafting routes to a circular economy,Commissione UE — 43108390,UE,fondo_perduto,impresa;startup;terzo_settore;ricerca,tutti,UE,tutte,inclusione,0,2027-05-13,2027-09-23,aperto,https://ec.europa.eu/info/funding-tenders/opportunities/portal/screen/opportunities/topic-details/HORIZON-CL2-2027-01-HERITAGE-03
UEHORIZON-CL2-2027-01-HERITAGE-04,"Culture, heritage and creative industries for health and well-being",Commissione UE — 43108390,UE,fondo_perduto,impresa;startup;terzo_settore;ricerca,tutti,UE,tutte,inclusione,0,2027-05-13,2027-09-23,aperto,https://ec.europa.eu/info/funding-tenders/opportunities/portal/screen/opportunities/topic-details/HORIZON-CL2-2027-01-HERITAGE-04
UEHORIZON-CL2-2027-01-DEMOCRACY-01,"Advisory support and network for countering and preventing radicalisation, extremism, hate speech and polarisation",Commissione UE — 43108390,UE,fondo_perduto,impresa;startup;terzo_settore;ricerca,tutti,UE,tutte,inclusione,0,2027-05-13,2027-09-23,aperto,https://ec.europa.eu/info/funding-tenders/opportunities/portal/screen/opportunities/topic-details/HORIZON-CL2-2027-01-DEMOCRACY-01
UEHORIZON-CL2-2027-01-TRANSFO-08,Scaling and deploying innovations in migration management,Commissione UE — 43108390,UE,fondo_perduto,impresa;startup;terzo_settore;ricerca,tutti,UE,tutte,inclusione,0,2027-05-13,2027-09-23,aperto,https://ec.europa.eu/info/funding-tenders/opportunities/portal/screen/opportunities/topic-details/HORIZON-CL2-2027-01-TRANSFO-08
UEHORIZON-CL6-2027-02-FARM2FORK-08,AI-powered foodome characterization,Commissione UE — 43108390,UE,fondo_perduto,impresa;startup;terzo_settore;ricerca,tutti,UE,tutte,transizione_ecologica,0,2027-04-20,2027-09-23,aperto,https://ec.europa.eu/info/funding-tenders/opportunities/portal/screen/opportunities/topic-details/HORIZON-CL6-2027-02-FARM2FORK-08
UEHORIZON-CL6-2027-02-FARM2FORK-01,Increasing the resilience of agriculture in water and nutrient-scarce environments through digital innovations,Commissione UE — 43108390,UE,fondo_perduto,impresa;startup;terzo_settore;ricerca,tutti,UE,tutte,transizione_ecologica,0,2027-04-20,2027-09-23,aperto,https://ec.europa.eu/info/funding-tenders/opportunities/portal/screen/opportunities/topic-details/HORIZON-CL6-2027-02-FARM2FORK-01
UEHORIZON-CL6-2027-02-CLIMATE-02,Strengthening evidence-based policies for the resilience of European agriculture and forestry and related supply chains against crises and systemic risks,Commissione UE — 43108390,UE,fondo_perduto,impresa;startup;terzo_settore;ricerca,tutti,UE,tutte,transizione_ecologica,0,2027-04-20,2027-09-23,aperto,https://ec.europa.eu/info/funding-tenders/opportunities/portal/screen/opportunities/topic-details/HORIZON-CL6-2027-02-CLIMATE-02
UEHORIZON-CL6-2027-02-CLIMATE-03,Carbon farming innovation and scale-up,Commissione UE — 43108390,UE,fondo_perduto,impresa;startup;terzo_settore;ricerca,tutti,UE,tutte,transizione_ecologica,0,2027-04-20,2027-09-23,aperto,https://ec.europa.eu/info/funding-tenders/opportunities/portal/screen/opportunities/topic-details/HORIZON-CL6-2027-02-CLIMATE-03
UEHORIZON-CL6-2027-02-CLIMATE-04,Unlocking a safe operating space for Antarctica and the Southern Ocean,Commissione UE — 43108390,UE,fondo_perduto,impresa;startup;terzo_settore;ricerca,tutti,UE,tutte,transizione_ecologica,0,2027-04-20,2027-09-23,aperto,https://ec.europa.eu/info/funding-tenders/opportunities/portal/screen/opportunities/topic-details/HORIZON-CL6-2027-02-CLIMATE-04
UEHORIZON-CL6-2027-02-CLIMATE-01,"Governance, sustainable development and international politics of a future ice-free Arctic",Commissione UE — 43108390,UE,fondo_perduto,impresa;startup;terzo_settore;ricerca,tutti,UE,tutte,transizione_ecologica,0,2027-04-20,2027-09-23,aperto,https://ec.europa.eu/info/funding-tenders/opportunities/portal/screen/opportunities/topic-details/HORIZON-CL6-2027-02-CLIMATE-01
UEHORIZON-CL6-2027-02-FARM2FORK-06,Unleashing the potential of sustainable small-scale aquatic food production and recreational fisheries for prosperous local communities,Commissione UE — 43108390,UE,fondo_perduto,impresa;startup;terzo_settore;ricerca,tutti,UE,tutte,transizione_ecologica,0,2027-04-20,2027-09-23,aperto,https://ec.europa.eu/info/funding-tenders/opportunities/portal/screen/opportunities/topic-details/HORIZON-CL6-2027-02-FARM2FORK-06
UEHORIZON-CL2-2027-01-TRANSFO-04,The impact of EU labour mobility on the Member States of the EU,Commissione UE — 43108390,UE,fondo_perduto,impresa;startup;terzo_settore;ricerca,tutti,UE,tutte,inclusione,0,2027-05-13,2027-09-23,aperto,https://ec.europa.eu/info/funding-tenders/opportunities/portal/screen/opportunities/topic-details/HORIZON-CL2-2027-01-TRANSFO-04
UEHORIZON-CL2-2027-01-HERITAGE-07,Societal impact of cultural heritage,Commissione UE — 43108390,UE,fondo_perduto,impresa;startup;terzo_settore;ricerca,tutti,UE,tutte,inclusione,0,2027-05-13,2027-09-23,aperto,https://ec.europa.eu/info/funding-tenders/opportunities/portal/screen/opportunities/topic-details/HORIZON-CL2-2027-01-HERITAGE-07
UEHORIZON-CL2-2027-01-DEMOCRACY-03,Student and family engagement for developing a culture of democratic/civic participation,Commissione UE — 43108390,UE,fondo_perduto,impresa;startup;terzo_settore;ricerca,tutti,UE,tutte,inclusione,0,2027-05-13,2027-09-23,aperto,https://ec.europa.eu/info/funding-tenders/opportunities/portal/screen/opportunities/topic-details/HORIZON-CL2-2027-01-DEMOCRACY-03
UEHORIZON-CL2-2027-01-TRANSFO-01,Impact of access to nature-positive environments in promoting social cohesion and reducing inequalities in urban and peri-urban settings,Commissione UE — 43108390,UE,fondo_perduto,impresa;startup;terzo_settore;ricerca,tutti,UE,tutte,inclusione,0,2027-05-13,2027-09-23,aperto,https://ec.europa.eu/info/funding-tenders/opportunities/portal/screen/opportunities/topic-details/HORIZON-CL2-2027-01-TRANSFO-01
UEHORIZON-CL2-2027-01-HERITAGE-08,Safeguarding & transmission of intangible cultural heritage,Commissione UE — 43108390,UE,fondo_perduto,impresa;startup;terzo_settore;ricerca,tutti,UE,tutte,inclusione,0,2027-05-13,2027-09-23,aperto,https://ec.europa.eu/info/funding-tenders/opportunities/portal/screen/opportunities/topic-details/HORIZON-CL2-2027-01-HERITAGE-08
UEHORIZON-CL2-2027-01-DEMOCRACY-05,Development aid and democratic governance,Commissione UE — 43108390,UE,fondo_perduto,impresa;startup;terzo_settore;ricerca,tutti,UE,tutte,inclusione,0,2027-05-13,2027-09-23,aperto,https://ec.europa.eu/info/funding-tenders/opportunities/portal/screen/opportunities/topic-details/HORIZON-CL2-2027-01-DEMOCRACY-05
UEHORIZON-CL2-2027-01-DEMOCRACY-07,The role of private companies in democracy,Commissione UE — 43108390,UE,fondo_perduto,impresa;startup;terzo_settore;ricerca,tutti,UE,tutte,inclusione,0,2027-05-13,2027-09-23,aperto,https://ec.europa.eu/info/funding-tenders/opportunities/portal/screen/opportunities/topic-details/HORIZON-CL2-2027-01-DEMOCRACY-07
UEHORIZON-CL2-2027-01-TRANSFO-07,Persons with disabilities: opportunities for labour inclusion and social protection through the life course,Commissione UE — 43108390,UE,fondo_perduto,impresa;startup;terzo_settore;ricerca,tutti,UE,tutte,inclusione,0,2027-05-13,2027-09-23,aperto,https://ec.europa.eu/info/funding-tenders/opportunities/portal/screen/opportunities/topic-details/HORIZON-CL2-2027-01-TRANSFO-07
UEHORIZON-CL6-2027-02-COMMUNITIES-01,Strengthening rural communities' resilience to shocks,Commissione UE — 43108390,UE,fondo_perduto,impresa;startup;terzo_settore;ricerca,tutti,UE,tutte,transizione_ecologica,0,2027-04-20,2027-09-23,aperto,https://ec.europa.eu/info/funding-tenders/opportunities/portal/screen/opportunities/topic-details/HORIZON-CL6-2027-02-COMMUNITIES-01
UEHORIZON-CL6-2027-02-FARM2FORK-09,African Union – European Union Partnership on Food and Nutrition Security and Sustainable Agriculture (FNSSA),Commissione UE — 43108390,UE,fondo_perduto,impresa;startup;terzo_settore;ricerca,tutti,UE,tutte,transizione_ecologica,0,2027-04-20,2027-09-23,aperto,https://ec.europa.eu/info/funding-tenders/opportunities/portal/screen/opportunities/topic-details/HORIZON-CL6-2027-02-FARM2FORK-09
UEHORIZON-CL6-2027-02-FARM2FORK-02,Increasing mitigation of GHG emissions and feed efficiency through feed additives,Commissione UE — 43108390,UE,fondo_perduto,impresa;startup;terzo_settore;ricerca,tutti,UE,tutte,transizione_ecologica,0,2027-04-20,2027-09-23,aperto,https://ec.europa.eu/info/funding-tenders/opportunities/portal/screen/opportunities/topic-details/HORIZON-CL6-2027-02-FARM2FORK-02
UEHORIZON-CL6-2027-02-FARM2FORK-05,Enhancing farmer's profitability and resilience through innovations for diversified crops and value chains,Commissione UE — 43108390,UE,fondo_perduto,impresa;startup;terzo_settore;ricerca,tutti,UE,tutte,transizione_ecologica,0,2027-04-20,2027-09-23,aperto,https://ec.europa.eu/info/funding-tenders/opportunities/portal/screen/opportunities/topic-details/HORIZON-CL6-2027-02-FARM2FORK-05
UEHORIZON-CL6-2027-02-FARM2FORK-07,Towards commercialization of food systems microbiome solutions,Commissione UE — 43108390,UE,fondo_perduto,impresa;startup;terzo_settore;ricerca,tutti,UE,tutte,transizione_ecologica,0,2027-04-20,2027-09-23,aperto,https://ec.europa.eu/info/funding-tenders/opportunities/portal/screen/opportunities/topic-details/HORIZON-CL6-2027-02-FARM2FORK-07
UEHORIZON-CL6-2027-02-FARM2FORK-04,Improving understanding of the contribution of the organic farming sector to sustainability,Commissione UE — 43108390,UE,fondo_perduto,impresa;startup;terzo_settore;ricerca,tutti,UE,tutte,transizione_ecologica,0,2027-04-20,2027-09-23,aperto,https://ec.europa.eu/info/funding-tenders/opportunities/portal/screen/opportunities/topic-details/HORIZON-CL6-2027-02-FARM2FORK-04
UEHORIZON-CL6-2027-02-FARM2FORK-03,Microbiome for terrestrial livestock sustainability and health within a One Health approach,Commissione UE — 43108390,UE,fondo_perduto,impresa;startup;terzo_settore;ricerca,tutti,UE,tutte,transizione_ecologica,0,2027-04-20,2027-09-23,aperto,https://ec.europa.eu/info/funding-tenders/opportunities/portal/screen/opportunities/topic-details/HORIZON-CL6-2027-02-FARM2FORK-03
UEHORIZON-CL6-2027-02-COMMUNITIES-02,Empowering local urban food systems entrepreneurship and innovation,Commissione UE — 43108390,UE,fondo_perduto,impresa;startup;terzo_settore;ricerca,tutti,UE,tutte,transizione_ecologica,0,2027-04-20,2027-09-23,aperto,https://ec.europa.eu/info/funding-tenders/opportunities/portal/screen/opportunities/topic-details/HORIZON-CL6-2027-02-COMMUNITIES-02
UEHORIZON-CL5-2027-06-D6-12,Support for dissemination events in the field of Transport Research,Commissione UE — 43108390,UE,fondo_perduto,impresa;startup;terzo_settore;ricerca,tutti,UE,tutte,transizione_ecologica,0,2027-06-03,2027-10-07,aperto,https://ec.europa.eu/info/funding-tenders/opportunities/portal/screen/opportunities/topic-details/HORIZON-CL5-2027-06-D6-12
UEHORIZON-CL5-2027-06-D6-08,"Enhancing Mobility for All: affordable, reliable, and accessible multimodal transport for inclusive rural and urban connectivity – Societal Readiness pilot",Commissione UE — 43108390,UE,fondo_perduto,impresa;startup;terzo_settore;ricerca,tutti,UE,tutte,transizione_ecologica,0,2027-06-03,2027-10-07,aperto,https://ec.europa.eu/info/funding-tenders/opportunities/portal/screen/opportunities/topic-details/HORIZON-CL5-2027-06-D6-08
UEHORIZON-CL5-2027-06-D6-05,European CCAM knowledge hub and tools for safe and scalable deployment (CCAM Partnership),Commissione UE — 43108390,UE,fondo_perduto,impresa;startup;terzo_settore;ricerca,tutti,UE,tutte,transizione_ecologica,0,2027-06-03,2027-10-07,aperto,https://ec.europa.eu/info/funding-tenders/opportunities/portal/screen/opportunities/topic-details/HORIZON-CL5-2027-06-D6-05
UEHORIZON-CL5-2027-06-D6-04,Holistic solutions for CCAM integration in critical scenarios (CCAM Partnership),Commissione UE — 43108390,UE,fondo_perduto,impresa;startup;terzo_settore;ricerca,tutti,UE,tutte,transizione_ecologica,0,2027-06-03,2027-10-07,aperto,https://ec.europa.eu/info/funding-tenders/opportunities/portal/screen/opportunities/topic-details/HORIZON-CL5-2027-06-D6-04
UEHORIZON-CL5-2027-06-D6-11,"Enhancing Resilience and Accuracy in Positioning, Navigation, and Timing (PNT) Systems and e-conspicuity solutions",Commissione UE — 43108390,UE,fondo_perduto,impresa;startup;terzo_settore;ricerca,tutti,UE,tutte,transizione_ecologica,0,2027-06-03,2027-10-07,aperto,https://ec.europa.eu/info/funding-tenders/opportunities/portal/screen/opportunities/topic-details/HORIZON-CL5-2027-06-D6-11
UEHORIZON-MISS-2027-04-CIT-CCRI-04,Advancing circular logistics solutions in cities,Commissione UE — 43108390,UE,fondo_perduto,impresa;startup;terzo_settore;ricerca,tutti,UE,tutte,ricerca_sviluppo,0,2027-02-09,2027-10-07,aperto,https://ec.europa.eu/info/funding-tenders/opportunities/portal/screen/opportunities/topic-details/HORIZON-MISS-2027-04-CIT-CCRI-04
UEHORIZON-MISS-2027-04-CIT-05,"Boosting the transformation towards climate-neutral cities, the net-zero economy and open strategic autonomy through Pre-Commercial Procurement (PCP)",Commissione UE — 43108390,UE,fondo_perduto,impresa;startup;terzo_settore;ricerca,tutti,UE,tutte,ricerca_sviluppo,0,2027-02-09,2027-10-07,aperto,https://ec.europa.eu/info/funding-tenders/opportunities/portal/screen/opportunities/topic-details/HORIZON-MISS-2027-04-CIT-05
UEHORIZON-MISS-2027-04-CIT-03,Inclusive and climate resilient multimodal passenger hubs enhancing modal shift towards sustainable transport and shared mobility,Commissione UE — 43108390,UE,fondo_perduto,impresa;startup;terzo_settore;ricerca,tutti,UE,tutte,ricerca_sviluppo,0,2027-02-09,2027-10-07,aperto,https://ec.europa.eu/info/funding-tenders/opportunities/portal/screen/opportunities/topic-details/HORIZON-MISS-2027-04-CIT-03
UEHORIZON-MISS-2027-04-CIT-02,Hydrogen cities,Commissione UE — 43108390,UE,fondo_perduto,impresa;startup;terzo_settore;ricerca,tutti,UE,tutte,ricerca_sviluppo,0,2027-02-09,2027-10-07,aperto,https://ec.europa.eu/info/funding-tenders/opportunities/portal/screen/opportunities/topic-details/HORIZON-MISS-2027-04-CIT-02
UEHORIZON-MISS-2027-04-CIT-01,Innovative microgrids for improved energy system integration and efficiency in urban contexts,Commissione UE — 43108390,UE,fondo_perduto,impresa;startup;terzo_settore;ricerca,tutti,UE,tutte,ricerca_sviluppo,0,2027-02-09,2027-10-07,aperto,https://ec.europa.eu/info/funding-tenders/opportunities/portal/screen/opportunities/topic-details/HORIZON-MISS-2027-04-CIT-01
UEHORIZON-CL3-2027-01-BM-03,Detection and characterisation of threats or illegal/ smuggled goods in cargo,Commissione UE — 43108390,UE,fondo_perduto,impresa;startup;terzo_settore;ricerca,tutti,UE,tutte,sicurezza,0,2027-05-05,2027-11-04,aperto,https://ec.europa.eu/info/funding-tenders/opportunities/portal/screen/opportunities/topic-details/HORIZON-CL3-2027-01-BM-03
UEHORIZON-CL3-2027-01-BM-01,Open topic on research and innovation for effective management of EU external borders that promotes fundamental rights and EU values,Commissione UE — 43108390,UE,fondo_perduto,impresa;startup;terzo_settore;ricerca,tutti,UE,tutte,sicurezza,0,2027-05-05,2027-11-04,aperto,https://ec.europa.eu/info/funding-tenders/opportunities/portal/screen/opportunities/topic-details/HORIZON-CL3-2027-01-BM-01
UEHORIZON-CL3-2027-01-FCT-01,Online harms detection and investigation tools using a short development cycle model,Commissione UE — 43108390,UE,fondo_perduto,impresa;startup;terzo_settore;ricerca,tutti,UE,tutte,sicurezza,0,2027-05-05,2027-11-04,aperto,https://ec.europa.eu/info/funding-tenders/opportunities/portal/screen/opportunities/topic-details/HORIZON-CL3-2027-01-FCT-01
UEHORIZON-CL3-2027-01-FCT-04,"Open topic on increasing security of citizens against terrorism, including in public spaces",Commissione UE — 43108390,UE,fondo_perduto,impresa;startup;terzo_settore;ricerca,tutti,UE,tutte,sicurezza,0,2027-05-05,2027-11-04,aperto,https://ec.europa.eu/info/funding-tenders/opportunities/portal/screen/opportunities/topic-details/HORIZON-CL3-2027-01-FCT-04
UEHORIZON-CL3-2027-01-DRS-02,"Societal resilience, engagement of the younger generations and digital innovation for disaster resilience",Commissione UE — 43108390,UE,fondo_perduto,impresa;startup;terzo_settore;ricerca,tutti,UE,tutte,sicurezza,0,2027-05-05,2027-11-04,aperto,https://ec.europa.eu/info/funding-tenders/opportunities/portal/screen/opportunities/topic-details/HORIZON-CL3-2027-01-DRS-02
UEHORIZON-CL3-2027-01-DRS-03,Enhancing decision support system for disaster crises: leveraging emerging technologies for improved civil preparedness and crisis management,Commissione UE — 43108390,UE,fondo_perduto,impresa;startup;terzo_settore;ricerca,tutti,UE,tutte,sicurezza,0,2027-05-05,2027-11-04,aperto,https://ec.europa.eu/info/funding-tenders/opportunities/portal/screen/opportunities/topic-details/HORIZON-CL3-2027-01-DRS-03
UEHORIZON-CL3-2027-01-SSRI-03,Demand-led innovation in security,Commissione UE — 43108390,UE,fondo_perduto,impresa;startup;terzo_settore;ricerca,tutti,UE,tutte,sicurezza,0,2027-05-05,2027-11-04,aperto,https://ec.europa.eu/info/funding-tenders/opportunities/portal/screen/opportunities/topic-details/HORIZON-CL3-2027-01-SSRI-03
UEHORIZON-CL3-2027-01-INFRA-01,Enhancing physical protection of critical infrastructures,Commissione UE — 43108390,UE,fondo_perduto,impresa;startup;terzo_settore;ricerca,tutti,UE,tutte,sicurezza,0,2027-05-05,2027-11-04,aperto,https://ec.europa.eu/info/funding-tenders/opportunities/portal/screen/opportunities/topic-details/HORIZON-CL3-2027-01-INFRA-01
UEHORIZON-CL3-2027-01-FCT-05,Effective and evidence-based responses to the increased availability and use of synthetic drugs and stimulants in Europe,Commissione UE — 43108390,UE,fondo_perduto,impresa;startup;terzo_settore;ricerca,tutti,UE,tutte,sicurezza,0,2027-05-05,2027-11-04,aperto,https://ec.europa.eu/info/funding-tenders/opportunities/portal/screen/opportunities/topic-details/HORIZON-CL3-2027-01-FCT-05
UEHORIZON-CL3-2027-01-BM-02,"Trusted, secure, quality future digital travel credentials",Commissione UE — 43108390,UE,fondo_perduto,impresa;startup;terzo_settore;ricerca,tutti,UE,tutte,sicurezza,0,2027-05-05,2027-11-04,aperto,https://ec.europa.eu/info/funding-tenders/opportunities/portal/screen/opportunities/topic-details/HORIZON-CL3-2027-01-BM-02
UEHORIZON-CL3-2027-01-DRS-01,"Open Topic on advanced protective gear optimized for CBRN-E (Chemical, Biological, Radiological, Nuclear, Explosives) environments and new generation of smart protective equipment for disaster responders",Commissione UE — 43108390,UE,fondo_perduto,impresa;startup;terzo_settore;ricerca,tutti,UE,tutte,sicurezza,0,2027-05-05,2027-11-04,aperto,https://ec.europa.eu/info/funding-tenders/opportunities/portal/screen/opportunities/topic-details/HORIZON-CL3-2027-01-DRS-01
UEHORIZON-CL3-2027-01-SSRI-02,Open grounds for future pre-commercial procurement of innovative security technologies,Commissione UE — 43108390,UE,fondo_perduto,impresa;startup;terzo_settore;ricerca,tutti,UE,tutte,sicurezza,0,2027-05-05,2027-11-04,aperto,https://ec.europa.eu/info/funding-tenders/opportunities/portal/screen/opportunities/topic-details/HORIZON-CL3-2027-01-SSRI-02
UEHORIZON-CL3-2027-01-FCT-02,Community policing in diverse societies in Europe,Commissione UE — 43108390,UE,fondo_perduto,impresa;startup;terzo_settore;ricerca,tutti,UE,tutte,sicurezza,0,2027-05-05,2027-11-04,aperto,https://ec.europa.eu/info/funding-tenders/opportunities/portal/screen/opportunities/topic-details/HORIZON-CL3-2027-01-FCT-02
UEHORIZON-CL3-2027-01-INFRA-02,Impact of malicious use of Open-Source Intelligence on critical infrastructure business continuity,Commissione UE — 43108390,UE,fondo_perduto,impresa;startup;terzo_settore;ricerca,tutti,UE,tutte,sicurezza,0,2027-05-05,2027-11-04,aperto,https://ec.europa.eu/info/funding-tenders/opportunities/portal/screen/opportunities/topic-details/HORIZON-CL3-2027-01-INFRA-02
UEHORIZON-CL3-2027-01-SSRI-01,Accelerating uptake through open proposals for advanced SME innovation,Commissione UE — 43108390,UE,fondo_perduto,impresa;startup;terzo_settore;ricerca,tutti,UE,tutte,sicurezza,0,2027-05-05,2027-11-04,aperto,https://ec.europa.eu/info/funding-tenders/opportunities/portal/screen/opportunities/topic-details/HORIZON-CL3-2027-01-SSRI-01
UEHORIZON-CL3-2027-01-DRS-04,Enhancing preparedness for large-scale cross-border disasters,Commissione UE — 43108390,UE,fondo_perduto,impresa;startup;terzo_settore;ricerca,tutti,UE,tutte,sicurezza,0,2027-05-05,2027-11-04,aperto,https://ec.europa.eu/info/funding-tenders/opportunities/portal/screen/opportunities/topic-details/HORIZON-CL3-2027-01-DRS-04
UEHORIZON-CL3-2027-01-FCT-03,"Open topic on enhanced prevention, detection and deterrence of societal issues related to various forms of crime",Commissione UE — 43108390,UE,fondo_perduto,impresa;startup;terzo_settore;ricerca,tutti,UE,tutte,sicurezza,0,2027-05-05,2027-11-04,aperto,https://ec.europa.eu/info/funding-tenders/opportunities/portal/screen/opportunities/topic-details/HORIZON-CL3-2027-01-FCT-03
UEHORIZON-EURATOM-2027-02-01,Key enabling technologies for fusion power plants (European Partnership on Fusion Energy),Commissione UE — 43298916,UE,fondo_perduto,impresa;startup;terzo_settore;ricerca,tutti,UE,tutte,ricerca_sviluppo,0,2027-04-15,2027-11-04,aperto,https://ec.europa.eu/info/funding-tenders/opportunities/portal/screen/opportunities/topic-details/HORIZON-EURATOM-2027-02-01
UEHORIZON-WIDERA-2027-01-WIDENING-01,EIC Pre-accelerator - Widening,Commissione UE — 43108390,UE,fondo_perduto,impresa;startup;terzo_settore;ricerca,tutti,UE,tutte,ricerca_sviluppo,0,2027-05-05,2027-11-18,aperto,https://ec.europa.eu/info/funding-tenders/opportunities/portal/screen/opportunities/topic-details/HORIZON-WIDERA-2027-01-WIDENING-01
UEHORIZON-MSCA-2027-DN-01-01,MSCA Doctoral Networks 2027,Commissione UE — 43108390,UE,fondo_perduto,impresa;startup;terzo_settore;ricerca,tutti,UE,tutte,ricerca_sviluppo,0,2027-05-26,2027-11-23,aperto,https://ec.europa.eu/info/funding-tenders/opportunities/portal/screen/opportunities/topic-details/HORIZON-MSCA-2027-DN-01-01
UEHORIZON-CL5-2027-07-D3-16,"Industrial processes and equipment for innovative, reliable and scalable tandem technologies (EUPI-PV Partnership)",Commissione UE — 43108390,UE,fondo_perduto,impresa;startup;terzo_settore;ricerca,tutti,UE,tutte,transizione_ecologica,0,2027-08-04,2027-12-01,aperto,https://ec.europa.eu/info/funding-tenders/opportunities/portal/screen/opportunities/topic-details/HORIZON-CL5-2027-07-D3-16
UEHORIZON-CL5-2027-07-D3-27,Integrated Approaches for Retrofitting Infrastructures with Innovative Energy Storage Technologies,Commissione UE — 43108390,UE,fondo_perduto,impresa;startup;terzo_settore;ricerca,tutti,UE,tutte,transizione_ecologica,0,2027-08-04,2027-12-01,aperto,https://ec.europa.eu/info/funding-tenders/opportunities/portal/screen/opportunities/topic-details/HORIZON-CL5-2027-07-D3-27
UEHORIZON-CL5-2027-07-D3-11,Demonstration of hydropower technologies for efficient and forward-looking refurbishment of existing hydropower plants,Commissione UE — 43108390,UE,fondo_perduto,impresa;startup;terzo_settore;ricerca,tutti,UE,tutte,transizione_ecologica,0,2027-08-04,2027-12-01,aperto,https://ec.europa.eu/info/funding-tenders/opportunities/portal/screen/opportunities/topic-details/HORIZON-CL5-2027-07-D3-11
UEHORIZON-CL5-2027-07-D3-25,"Advanced TSO control rooms to enhance grid observability, stability and resilience",Commissione UE — 43108390,UE,fondo_perduto,impresa;startup;terzo_settore;ricerca,tutti,UE,tutte,transizione_ecologica,0,2027-08-04,2027-12-01,aperto,https://ec.europa.eu/info/funding-tenders/opportunities/portal/screen/opportunities/topic-details/HORIZON-CL5-2027-07-D3-25
UEHORIZON-CL5-2027-07-D3-28,Community of practice - Data-Driven Decision-Making in Energy,Commissione UE — 43108390,UE,fondo_perduto,impresa;startup;terzo_settore;ricerca,tutti,UE,tutte,transizione_ecologica,0,2027-08-04,2027-12-01,aperto,https://ec.europa.eu/info/funding-tenders/opportunities/portal/screen/opportunities/topic-details/HORIZON-CL5-2027-07-D3-28
UEHORIZON-CL5-2027-07-D3-17,PV based electrification of the economy: Designing & optimising PV systems supporting industrial electrification and promoting participation in electricity markets (EUPI-PV Partnership),Commissione UE — 43108390,UE,fondo_perduto,impresa;startup;terzo_settore;ricerca,tutti,UE,tutte,transizione_ecologica,0,2027-08-04,2027-12-01,aperto,https://ec.europa.eu/info/funding-tenders/opportunities/portal/screen/opportunities/topic-details/HORIZON-CL5-2027-07-D3-17
UEHORIZON-CL5-2027-07-D3-26,Advanced Distribution Management Systems (ADSM) for more efficient and flexible distribution grids,Commissione UE — 43108390,UE,fondo_perduto,impresa;startup;terzo_settore;ricerca,tutti,UE,tutte,transizione_ecologica,0,2027-08-04,2027-12-01,aperto,https://ec.europa.eu/info/funding-tenders/opportunities/portal/screen/opportunities/topic-details/HORIZON-CL5-2027-07-D3-26
UEHORIZON-CL5-2027-07-D3-32,Delivery of industrial CCUS clusters – Societal Readiness pilot,Commissione UE — 43108390,UE,fondo_perduto,impresa;startup;terzo_settore;ricerca,tutti,UE,tutte,transizione_ecologica,0,2027-08-04,2027-12-01,aperto,https://ec.europa.eu/info/funding-tenders/opportunities/portal/screen/opportunities/topic-details/HORIZON-CL5-2027-07-D3-32
UEHORIZON-NEB-2027-01-REGEN-02,"Sustainable, beautiful and healthy construction and renovation sites",Commissione UE — 43108390,UE,fondo_perduto,impresa;startup;terzo_settore;ricerca,tutti,UE,tutte,ricerca_sviluppo,0,2027-05-05,2027-12-01,aperto,https://ec.europa.eu/info/funding-tenders/opportunities/portal/screen/opportunities/topic-details/HORIZON-NEB-2027-01-REGEN-02
UEHORIZON-NEB-2027-01-BUSINESS-02,Innovative models for collective community investment and ownership,Commissione UE — 43108390,UE,fondo_perduto,impresa;startup;terzo_settore;ricerca,tutti,UE,tutte,ricerca_sviluppo,0,2027-05-05,2027-12-01,aperto,https://ec.europa.eu/info/funding-tenders/opportunities/portal/screen/opportunities/topic-details/HORIZON-NEB-2027-01-BUSINESS-02
UEHORIZON-NEB-2027-01-PARTICIPATION-02,Intergenerational neighbourhoods and communities aligned with the New European Bauhaus,Commissione UE — 43108390,UE,fondo_perduto,impresa;startup;terzo_settore;ricerca,tutti,UE,tutte,ricerca_sviluppo,0,2027-05-05,2027-12-01,aperto,https://ec.europa.eu/info/funding-tenders/opportunities/portal/screen/opportunities/topic-details/HORIZON-NEB-2027-01-PARTICIPATION-02
UEHORIZON-NEB-2027-01-PARTICIPATION-01,The transformative potential of co-governance in the green transition of neighbourhoods,Commissione UE — 43108390,UE,fondo_perduto,impresa;startup;terzo_settore;ricerca,tutti,UE,tutte,ricerca_sviluppo,0,2027-05-05,2027-12-01,aperto,https://ec.europa.eu/info/funding-tenders/opportunities/portal/screen/opportunities/topic-details/HORIZON-NEB-2027-01-PARTICIPATION-01
UEHORIZON-NEB-2027-01-REGEN-01,"Combining conventional and innovative construction materials, products and techniques for sustainable and beautiful buildings",Commissione UE — 43108390,UE,fondo_perduto,impresa;startup;terzo_settore;ricerca,tutti,UE,tutte,ricerca_sviluppo,0,2027-05-05,2027-12-01,aperto,https://ec.europa.eu/info/funding-tenders/opportunities/portal/screen/opportunities/topic-details/HORIZON-NEB-2027-01-REGEN-01
UEHORIZON-NEB-2027-01-REGEN-03,Revitalising neighbourhoods around existing railway and motorway corridors,Commissione UE — 43108390,UE,fondo_perduto,impresa;startup;terzo_settore;ricerca,tutti,UE,tutte,ricerca_sviluppo,0,2027-05-05,2027-12-01,aperto,https://ec.europa.eu/info/funding-tenders/opportunities/portal/screen/opportunities/topic-details/HORIZON-NEB-2027-01-REGEN-03
UEHORIZON-NEB-2027-01-BUSINESS-01,Mass customisation of offsite manufactured modular construction components to transform the existing built environment,Commissione UE — 43108390,UE,fondo_perduto,impresa;startup;terzo_settore;ricerca,tutti,UE,tutte,ricerca_sviluppo,0,2027-05-05,2027-12-01,aperto,https://ec.europa.eu/info/funding-tenders/opportunities/portal/screen/opportunities/topic-details/HORIZON-NEB-2027-01-BUSINESS-01
UEHORIZON-NEB-2027-01-PARTICIPATION-03,Novel combinations of knowledge and research methods to address social issues and advance a fair green transition of neighbourhoods,Commissione UE — 43108390,UE,fondo_perduto,impresa;startup;terzo_settore;ricerca,tutti,UE,tutte,ricerca_sviluppo,0,2027-05-05,2027-12-01,aperto,https://ec.europa.eu/info/funding-tenders/opportunities/portal/screen/opportunities/topic-details/HORIZON-NEB-2027-01-PARTICIPATION-03
UEHORIZON-NEB-2027-01-BUSINESS-03,Anticipating the long-term future of neighbourhoods in line with the New European Bauhaus,Commissione UE — 43108390,UE,fondo_perduto,impresa;startup;terzo_settore;ricerca,tutti,UE,tutte,ricerca_sviluppo,0,2027-05-05,2027-12-01,aperto,https://ec.europa.eu/info/funding-tenders/opportunities/portal/screen/opportunities/topic-details/HORIZON-NEB-2027-01-BUSINESS-03
UECERV-2024-CITIZENS-VALUES,Call for proposals for civil society organisations active on protecting and promoting Union values: call to intermediaries (giving financial support to third parties),Commissione UE — 43251589,UE,fondo_perduto,impresa;startup;terzo_settore;ricerca,tutti,UE,tutte,inclusione,300000,2025-09-11,2028-03-31,aperto,https://ec.europa.eu/info/funding-tenders/opportunities/portal/screen/opportunities/competitive-calls-cs/46357639
